experiment,split,family,v1,v1_std,v1_n,pooled_stab_a00,pooled_stab_a00_std,pooled_stab_a00_n,pooled_stab_a05,pooled_stab_a05_std,pooled_stab_a05_n,xattn_a00,xattn_a00_std,xattn_a00_n,xattn_a05,xattn_a05_std,xattn_a05_n,v4_xattn_mixed,v4_xattn_mixed_std,v4_xattn_mixed_n,v4_phys,v4_phys_std,v4_phys_n,v5_sinkhorn,v5_sinkhorn_std,v5_sinkhorn_n,v5b_sinkhorn,v5b_sinkhorn_std,v5b_sinkhorn_n,v6_l001,v6_l001_std,v6_l001_n
control,random_seed5,,0.0030319313539394037,,1,0.0025710277231150765,,1,0.00262421841554494,,1,0.002651939644301354,,1,0.002466081415401271,,1,0.0024988136906910806,,1,0.0024637296585645206,,1,0.0025198389386961195,,1,0.0022472108905140045,,1,,,0
control,random_seed6,,,,0,,,0,,,0,,,0,,,0,,,0,0.002700553220376999,,1,0.0022140580288795356,,1,0.002044943082087947,,1,,,0
control,random_seed7,,,,0,,,0,,,0,,,0,,,0,,,0,0.002364304108855871,,1,0.0023869812609394725,,1,0.002502014117657759,,1,,,0
lofo,ae,,0.005344712713088368,,1,0.00981485517918937,,1,0.00876077220237841,,1,0.008489270526258965,,1,0.007232124931369938,,1,0.007011310242081129,,1,0.005710318329476828,,1,,,0,,,0,,,0
lofo,iqpe,,0.03737567661449923,0.03419629260952006,3,0.11906957537458654,,1,0.13902241645152108,,1,0.07205459296006207,0.0690402378717269,3,0.060795313520738255,0.07491627282045785,3,0.06462397258184109,0.009120468487945992,3,0.03500726277019545,0.04861767297413672,3,0.001172821040739093,,1,,,0,,,0
lofo,qaoa,,0.017874949298034543,0.0012028377381919709,3,0.02254889618180576,,1,0.024869638814906416,,1,0.019795675305089536,0.0034834151465454495,3,0.016673986572270916,0.003521982621508514,3,0.016033914047346255,0.0006679511620638583,3,0.014961704697051076,0.0013290367275328523,3,0.01786320133904195,0.001687213803153514,3,0.017509636218404238,0.0044821739444113355,3,,,0
lofo,qft,,0.0063954593977550555,,1,0.0033792276495286143,,1,0.0038604843741002395,,1,0.010328223291482414,,1,0.010108109903165175,,1,0.0062703024029221715,,1,0.006735198651179022,,1,,,0,,,0,,,0
lofo,qftentangled,,0.005448595952031007,,1,0.007964248227720683,,1,0.008220600221456782,,1,0.01032922779530592,,1,0.007348372938021259,,1,0.008143587440000533,,1,0.00562809287747939,,1,,,0,,,0,,,0
lofo,qnn,,0.00958551802394683,0.0012070293571522603,3,0.010539082555394423,,1,0.013557096845225283,,1,0.0021331908540767534,1.4990219896716059e-05,3,0.004922197327802056,0.0048157106952340205,3,0.0018649794684167493,0.000604220494188169,3,0.006144814611526957,0.003490448402214057,3,0.0017567838101010572,0.0004056313125856526,3,0.00378606915473938,0.002439623391554811,3,,,0
lofo,randomcircuit,,0.0058808379928694315,0.0006017275286430766,3,0.010164045378442574,,1,0.006796178574996676,,1,0.00920845837028087,0.001247487754051085,3,0.00882441117424263,0.0010212150926704824,3,0.0074904841014297825,0.00020472071084412735,3,0.010085359803453445,0.001671469740835872,3,0.009644642656074955,0.0009602580970426694,3,,,0,,,0
lofo,vqe_real_amp,,0.003787669793998661,,1,0.002497629110278104,,1,0.0038366047318759,,1,0.0030595076446397955,,1,0.005512593904268026,,1,0.0019255055091490238,,1,0.001774833637874716,,1,,,0,,,0,,,0
lofo,vqe_su2,,0.02039049873498192,,1,0.03794070823009325,,1,0.03244921051541214,,1,0.007127538335826758,,1,0.010251227355852106,,1,0.003944007945500855,,1,0.004888165871225292,,1,,,0,,,0,,,0
lofo,vqe_two_local,,0.004075483469184463,,1,0.01799180883364059,,1,0.012540769450661663,,1,0.006391524267020157,,1,0.007924808298829475,,1,0.00557292778374152,,1,0.012020986531805177,,1,,,0,,,0,,,0
logo,fourier,,0.018606867282592098,0.0041682066194986085,3,,,0,,,0,0.02086144733118914,0.005371937633918913,3,0.023366209105571425,0.013424781971948942,3,0.014574048929208936,0.012543194455186995,3,0.027239869159559907,0.002168170215846312,3,0.024531444260570263,0.0020317127105310426,3,,,0,,,0
logo,fourier,ae,0.009749705753212554,0.001930085767653887,3,,,0,,,0,0.006751414941076883,0.00182508391030623,3,0.009790569142508195,0.001204795737697007,3,0.007538128845123515,0.0011421570591260083,3,0.009226146930830315,0.0013854825550643477,3,0.00659213375265618,0.0013942437894220833,3,,,0,,,0
logo,fourier,draper_qft_adder,0.005107532056261791,0.0030068569823929123,3,,,0,,,0,0.016537434445903425,0.0031514394058170868,3,0.01653743237257004,0.003151441201374936,3,0.012044091025988262,0.010227037129164234,3,0.009718739716483193,0.004833050411459265,3,0.01216691019168348,0.007395002942703518,3,,,0,,,0
logo,fourier,dynamic_qft,0.02865453456577502,0.018330245956865793,3,,,0,,,0,0.012589766268144573,0.018815346175583243,3,0.04694412622535438,0.0732369344213888,3,0.06524815528016342,0.11061624011629737,3,0.10522378275268957,0.09146286309875591,3,0.0034559933762801317,0.003138656783120429,3,,,0,,,0
logo,fourier,iqpe,0.05963677390974167,0.017170994462300047,3,,,0,,,0,0.06630496389684622,0.026936247654661457,3,0.07825981598151358,0.06680630013688209,3,0.039105158085711515,0.06133306879439375,3,0.09122352472871369,0.019038347240885434,3,0.09066685319643969,0.0033605474410394946,3,,,0,,,0
logo,fourier,qft,0.008861509844606623,0.0005697047561648409,3,,,0,,,0,0.009534783561883852,0.00015746716949708366,3,0.009601900596872203,0.002478809245901277,3,0.00782414202463865,0.0004286386695965086,3,0.009803708034718047,0.0029825516082930556,3,0.008368487556632003,0.0003888064946670477,3,,,0,,,0
logo,fourier,qftentangled,0.006829678694033171,0.002402059361629795,3,,,0,,,0,0.01280600510906065,0.0005848899304549718,3,0.009699287340078957,0.0028927143986909065,3,0.00907597051924468,0.002587086494353138,3,0.013708593980145288,0.0016439971253985,3,0.010438811020655692,0.004474602782377673,3,,,0,,,0
logo,fourier,qpeexact,0.006641400848001873,0.00154570471183315,3,,,0,,,0,0.012803528320533128,0.002594650892136087,3,0.007979449791311065,0.002649706446050551,3,0.007233304575718871,0.005945849056610218,3,0.010291150743465705,0.0017031466845098648,3,0.007929914656445108,0.0011917239096831587,3,,,0,,,0
logo,fourier,qpeinexact,0.0052483465676536984,0.0016308623749334708,3,,,0,,,0,0.010473341281238053,0.0037085229551692576,3,0.004341105477192709,0.0004933109199803081,3,0.005504510587368697,0.005609703220633652,3,0.007597432697889782,0.0023161544165152233,3,0.004050815585471595,0.002530732318391188,3,,,0,,,0
logo,fourier,rg_qft_multiplier,1.1100000326299172e-08,0.0,3,,,0,,,0,0.00789511961874941,0.013674738698626664,3,0.0005362138882283318,0.0009287496981355298,3,7.4000002175327814e-09,6.408588176393761e-09,3,0.0,0.0,3,3.7000001087663907e-09,6.408588176393761e-09,3,,,0,,,0
logo,variational,,0.05370333343093726,0.005753116652761546,3,,,0,,,0,0.07434922623400159,0.00894445672498071,3,0.05760708774937095,0.03730763926751114,3,0.009324565981338781,0.0019452591756710278,3,0.011310093033101128,0.00332063938876157,3,0.038820487237817745,0.02272091811152783,3,0.03560263017733649,0.018481272902768242,3,0.009775761746466027,,1
logo,variational,qnn,0.12406212255652797,0.009260662664044097,3,,,0,,,0,0.1515919132403245,0.008864925277041965,3,0.0877409461362843,0.07845604596257173,3,0.010425525027931782,0.01055882185437707,3,0.011283265276436222,0.007866426795156575,3,0.05970612395750849,0.06724660371887106,3,0.07005672794358249,0.06188208929106542,3,0.0021418454615693343,,1
logo,variational,vqe_real_amp,0.041550368501811714,0.006502734323121481,3,,,0,,,0,0.06456106975539577,0.013483162830581465,3,0.052644146290174644,0.035210680965298724,3,0.008214824097870551,0.0006991381562560781,3,0.007018368753829548,0.00032473273717039243,3,0.03451752858931481,0.015576740491978765,3,0.03125537128499624,0.023758381602446026,3,0.01023100315177549,,1
logo,variational,vqe_su2,0.06859705779253318,0.00604909503548128,3,,,0,,,0,0.08586502191138533,0.0156840808737148,3,0.07007601711986162,0.04363252679183884,3,0.007339682621251238,0.0012542730412138739,3,0.014047379353187688,0.01463104435589288,3,0.04638082192261118,0.030824617304336964,3,0.039807008457714316,0.028110909477477145,3,0.007148087188786465,,1
logo,variational,vqe_two_local,0.03593896367197468,0.004745375053696004,3,,,0,,,0,0.05590542499147422,0.0026600510380600795,3,0.044751489894875186,0.025453108643848102,3,0.011647279607410722,0.003138102185229135,3,0.012607816418213893,0.002313509679917361,3,0.031522790588720116,0.012833131551555204,3,0.028132720134807835,0.012597006250692735,3,0.0132577056727575,,1
logo,vqe,,0.026387618163938215,0.010400507942754754,3,,,0,,,0,0.02783250208399743,0.03630865665600131,3,0.01254090405426164,0.004835048191804907,3,0.008723053715312507,0.001614308146169136,3,0.008550367853395182,0.0013629826608823285,3,0.021084730491742493,0.01701484530034446,3,,,0,,,0
logo,vqe,vqe_real_amp,0.021588559876156512,0.009139645739433837,3,,,0,,,0,0.02619603471990735,0.03487632538332496,3,0.009700653226048543,0.0041487039910392785,3,0.008121066673842086,0.0011411628475471913,3,0.007305445693470621,0.0016793959361525745,3,0.023702129245366976,0.01811092663443381,3,,,0,,,0
logo,vqe,vqe_su2,0.0352842830421963,0.012963314945362082,3,,,0,,,0,0.03358251356057027,0.049432807590386756,3,0.015204502553416406,0.012798316207257729,3,0.006258265206943142,0.0012687032289357054,3,0.007705019536689503,0.0027155105299296674,3,0.01600279631793344,0.018135210479341267,3,,,0,,,0
logo,vqe,vqe_two_local,0.022996327221427876,0.009411407677955848,3,,,0,,,0,0.02442525370145655,0.02662428608775981,3,0.012689756796776384,0.001825774344301456,3,0.01126484857833556,0.0025650396426271896,3,0.010283544944925773,0.0008677537395827017,3,0.023124681212132944,0.016295961111884676,3,,,0,,,0
size,qmax_14,,0.0052241168906057645,,1,0.006411844946207075,,1,0.0068826427126550405,,1,0.0059739493888028156,,1,0.005595404814015925,,1,0.00513848683438262,,1,0.004337225035222653,,1,,,0,,,0,,,0
