experiment,split,n_train,n_test,device,mae,rmse,r2,target_std,device_choice_accuracy,fidelity_regret_mean,regret_best_fixed_device,regret_random_device
family_holdout,vqe_two_local,10886,3449,ALL,0.03658937854623835,0.05259124143150193,0.9666409430963755,0.28943628928718623,0.8002319512902291,0.004075483469184463,0.011071649290345027,0.03401634376614478
family_holdout,vqe_two_local,10886,3449,EQE1_Top,0.03306425725324057,0.046044174844589426,0.975034074326524,0.29140758904515524,,,,
family_holdout,vqe_two_local,10886,3449,EQE1_Bottom,0.03897605998950353,0.055540910894582005,0.9648590191710184,0.2962825395990762,,,,
family_holdout,vqe_two_local,10886,3449,QExa20,0.037727818395970954,0.05561166429626571,0.9600297357915827,0.27816173269511246,,,,
family_holdout,vqe_real_amp,11356,2861,ALL,0.020839160374656444,0.031143847977450064,0.9883031009635012,0.28831017965434397,0.8091576371897938,0.003787669793998661,0.00831921780073401,0.03737062693818013
family_holdout,vqe_real_amp,11356,2861,EQE1_Top,0.02118121132290618,0.02995037077680946,0.9892739092535919,0.2891888003920484,,,,
family_holdout,vqe_real_amp,11356,2861,EQE1_Bottom,0.021129984715133245,0.03510975351828642,0.9858404850422137,0.295055416940536,,,,
family_holdout,vqe_real_amp,11356,2861,QExa20,0.02020628508592991,0.02793023986191979,0.9897949085946974,0.27648158843608367,,,,
family_holdout,vqe_su2,11358,2858,ALL,0.07534738658837296,0.09868626186948307,0.8848822633567844,0.2885055959135667,0.4461161651504549,0.02039049873498192,0.006577896164485655,0.045861738771670164
family_holdout,vqe_su2,11358,2858,EQE1_Top,0.07436703614874002,0.09112833275220765,0.8998714694760609,0.2879880740121853,,,,
family_holdout,vqe_su2,11358,2858,EQE1_Bottom,0.11024758825658629,0.13467258498961415,0.7914462927088973,0.29489692168547077,,,,
family_holdout,vqe_su2,11358,2858,QExa20,0.041427535359792614,0.052686399263326356,0.9633290278853884,0.2751295939709854,,,,
family_holdout,qaoa,11480,2706,ALL,0.08475399808755428,0.11615412566949539,0.8825331280629722,0.34028658077642376,0.3861788617886179,0.01678065805682212,0.007048151550369548,0.017732483703695488
family_holdout,qaoa,11480,2706,EQE1_Top,0.0883914240715798,0.11478089440698641,0.883775799587029,0.3366831029258539,,,,
family_holdout,qaoa,11480,2706,EQE1_Bottom,0.056611378472909445,0.09453052743070786,0.9257443297063419,0.3469023722018919,,,,
family_holdout,qaoa,11480,2706,QExa20,0.10925919171817361,0.1355163030522129,0.8380792548955406,0.33677535187331475,,,,
family_holdout,randomcircuit,12658,1234,ALL,0.0636320617430666,0.10943865224784288,0.8799894318728644,0.31513930500439596,0.5567260940032415,0.0054089903171135574,0.005684968644003242,0.014070492199108588
family_holdout,randomcircuit,12658,1234,EQE1_Top,0.06410727345905598,0.11240575113024188,0.8721534717018821,0.3143721479994503,,,,
family_holdout,randomcircuit,12658,1234,EQE1_Bottom,0.06885634870074663,0.11832899927196155,0.8668844598987734,0.3243223008056037,,,,
family_holdout,randomcircuit,12658,1234,QExa20,0.057932563069397196,0.09640358324053679,0.9009303640179376,0.3062830004570538,,,,
family_holdout,qft,13037,760,ALL,0.011618933034450803,0.020959148288370092,0.9950838855144273,0.29693493157373557,0.7289473684210527,0.0063954593977550555,0.010529413981710523,0.012275872993815787
family_holdout,qft,13037,760,EQE1_Top,0.012689567541528578,0.02347985724100898,0.9938347096246423,0.2990327013102317,,,,
family_holdout,qft,13037,760,EQE1_Bottom,0.01210180965960955,0.023090895766794853,0.9942517564624441,0.3045602364608796,,,,
family_holdout,qft,13037,760,QExa20,0.010065421902214279,0.015276273352834277,0.9971651904561958,0.2869164692990414,,,,
family_holdout,qnn,13037,760,ALL,0.21027436721661505,0.2298788939593466,-0.38631629702549536,0.21612610396907925,0.6907894736842105,0.00823110891015906,0.002141845115789473,0.0611634848875
family_holdout,qnn,13037,760,EQE1_Top,0.22116890339867065,0.23651902865160432,-0.651613797068366,0.18403983518229702,,,,
family_holdout,qnn,13037,760,EQE1_Bottom,0.23728975149998932,0.2574801180724642,-0.8681230539688345,0.18838267504942302,,,,
family_holdout,qnn,13037,760,QExa20,0.17236444675118515,0.1905141872591357,0.3607879599606705,0.23828946875263615,,,,
family_holdout,ae,13038,758,ALL,0.03376973734785315,0.05116536486300081,0.9707064923573355,0.29897752859289234,0.5131926121372031,0.005344712713088368,0.011410873949868077,0.012370283890897095
family_holdout,ae,13038,758,EQE1_Top,0.03851024242030148,0.053139717872384744,0.9687107277346345,0.3004149305346916,,,,
family_holdout,ae,13038,758,EQE1_Bottom,0.026338098885704896,0.051206854356733375,0.9721212934351976,0.3066844720719285,,,,
family_holdout,ae,13038,758,QExa20,0.03646087073755306,0.049068443382928324,0.9712874559021747,0.28957858610924403,,,,
family_holdout,qftentangled,13048,746,ALL,0.0119631562900972,0.02226792074218981,0.9941151567782095,0.29003833114050326,0.8002680965147453,0.005448595952031007,0.00643674235469169,0.01252877421604111
family_holdout,qftentangled,13048,746,EQE1_Top,0.01199880666919582,0.023864635336092736,0.993346038211623,0.29255980054651637,,,,
family_holdout,qftentangled,13048,746,EQE1_Bottom,0.011924588217438343,0.022401139246422223,0.9944141061733004,0.29972555105298776,,,,
family_holdout,qftentangled,13048,746,QExa20,0.011966073983657443,0.02040218182643849,0.9945853259497054,0.27726206570380063,,,,
family_holdout,iqpe,13189,570,ALL,0.2951388992365771,0.3213147200156896,-1.882375971214321,0.21891124957207264,0.21052631578947367,0.06818745141489464,1.3024708947369114e-05,0.07708130445128655
family_holdout,iqpe,13189,570,EQE1_Top,0.268067178744496,0.28164253910650694,-0.7619437390414976,0.21217891907181893,,,,
family_holdout,iqpe,13189,570,EQE1_Bottom,0.38692928015544453,0.4144574540170239,-4.8513808146346875,0.1713368479936015,,,,
family_holdout,iqpe,13189,570,QExa20,0.2304202388097908,0.24214034540251503,-0.03380335996680128,0.23814868506932493,,,,
