w,greedy_gnn,greedy_gnn_perm_mean,greedy_gnn_perm_std,greedy_gt,greedy_gt_perm_mean,greedy_gt_perm_std,optimal_gnn,optimal_gnn_perm_mean,optimal_gnn_perm_std,optimal_gt,optimal_gt_perm_mean,optimal_gt_perm_std,optimal_gt_gnn_load,optimal_gt_gnn_load_perm_mean,optimal_gt_gnn_load_perm_std,cv_gnn,cv_gnn_perm_mean,cv_gnn_perm_std,cv_gt,cv_gt_perm_mean,cv_gt_perm_std,greedy_gnn_norm,greedy_gnn_perm_norm,greedy_gt_norm,greedy_gt_perm_norm,optimal_gnn_norm,optimal_gnn_perm_norm,optimal_gt_norm,optimal_gt_perm_norm,optimal_gt_gnn_load_norm,optimal_gt_gnn_load_perm_norm
0.000000,0.343640,0.344065,0.000586,0.343640,0.344065,0.000586,0.371512,0.371512,0.000000,0.373766,0.373766,0.000000,0.373766,0.373766,0.000000,0.000338,0.000338,0.000000,0.000338,0.000338,0.000000,0.000000,0.013167,0.000000,0.013167,0.864912,0.864912,0.934859,0.934859,0.934859,0.934859
0.100000,0.360334,0.370420,0.000124,0.363772,0.372682,0.000070,0.371595,0.371552,0.000013,0.373838,0.373798,0.000009,0.373834,0.373806,0.000010,0.008298,0.004872,0.001185,0.008801,0.003929,0.001070,0.518028,0.831022,0.624705,0.901195,0.867466,0.866126,0.937093,0.935835,0.936964,0.936078
0.200000,0.362890,0.371053,0.000121,0.366079,0.373285,0.000045,0.371687,0.371626,0.000023,0.373916,0.373840,0.000014,0.373924,0.373854,0.000015,0.019518,0.010738,0.001831,0.018506,0.008972,0.001728,0.597338,0.850656,0.696310,0.919904,0.870340,0.868422,0.939487,0.937129,0.939734,0.937563
0.300000,0.364518,0.371313,0.000104,0.367667,0.373545,0.000041,0.371782,0.371680,0.000015,0.373994,0.373890,0.000019,0.374029,0.373915,0.000019,0.033172,0.018390,0.002397,0.029140,0.015184,0.002449,0.647870,0.858722,0.745569,0.927990,0.873293,0.870117,0.941926,0.938681,0.943001,0.939454
0.400000,0.366193,0.371492,0.000086,0.369013,0.373722,0.000037,0.371893,0.371740,0.000024,0.374101,0.373952,0.000024,0.374142,0.373990,0.000021,0.048691,0.028156,0.002758,0.044319,0.023151,0.003038,0.699844,0.864270,0.787362,0.933474,0.876715,0.871965,0.945244,0.940621,0.946524,0.941797
0.500000,0.367487,0.371651,0.000067,0.370137,0.373874,0.000034,0.371985,0.371841,0.000022,0.374219,0.374032,0.000029,0.374280,0.374090,0.000023,0.069266,0.041417,0.003066,0.063444,0.033660,0.003808,0.740005,0.869221,0.822223,0.938184,0.879564,0.875123,0.948915,0.943112,0.950783,0.944891
0.600000,0.368916,0.371851,0.000056,0.371439,0.374033,0.000038,0.372157,0.371965,0.000015,0.374396,0.374142,0.000035,0.374467,0.374223,0.000026,0.100102,0.059822,0.003576,0.094100,0.048358,0.004733,0.784332,0.875425,0.862628,0.943144,0.884900,0.878952,0.954395,0.946507,0.956590,0.949040
0.700000,0.370260,0.372086,0.000056,0.372662,0.374228,0.000040,0.372532,0.372108,0.000026,0.374651,0.374301,0.000037,0.374736,0.374415,0.000027,0.148793,0.088017,0.003928,0.140376,0.070850,0.005436,0.826036,0.882721,0.900570,0.949180,0.896548,0.883402,0.962315,0.951442,0.964937,0.954971
0.800000,0.371580,0.372482,0.000057,0.373816,0.374512,0.000041,0.372952,0.372530,0.000048,0.374989,0.374555,0.000040,0.375118,0.374712,0.000033,0.225491,0.136600,0.005678,0.204353,0.109666,0.006409,0.866996,0.894992,0.936386,0.957987,0.909570,0.896475,0.972794,0.959330,0.976799,0.964201
0.900000,0.372854,0.373068,0.000054,0.374876,0.374994,0.000033,0.373426,0.373095,0.000050,0.375438,0.375013,0.000031,0.375592,0.375192,0.000028,0.347217,0.233491,0.006192,0.304407,0.192935,0.006421,0.906556,0.913190,0.969302,0.972965,0.924307,0.914015,0.986727,0.973529,0.991506,0.979093
1.000000,0.373718,0.373718,0.000000,0.375866,0.375866,0.000000,0.373718,0.373718,0.000000,0.375866,0.375866,0.000000,0.375863,0.375863,0.000000,0.884108,0.884108,0.000000,0.696874,0.696874,0.000000,0.933354,0.933354,1.000000,1.000000,0.933354,0.933354,1.000000,1.000000,0.999923,0.999923
