experiment,split,n_test,v1_mae,v1_r2,v1_device_choice_accuracy,v1_fidelity_regret_mean,v2_mae,v2_r2,v2_device_choice_accuracy,v2_fidelity_regret_mean,regret_best_fixed_device,regret_random_device
random_control,random_seed5,5117,0.01557512530705342,0.9936335425227899,0.7830760211061168,0.0030319313539394037,0.014820550926352122,0.9936105651849276,0.7693961305452414,0.002779384663306678,0.00922692411715328,0.03179786183509703
leave_one_family_out,vqe_two_local,3449,0.03658937854623835,0.9666409430963755,0.8002319512902291,0.004075483469184463,0.07731337874690093,0.8711946693102298,0.7732676138011018,0.008107777465179808,0.011071649394973045,0.034016343341401474
leave_one_family_out,vqe_real_amp,2861,0.020839160374656444,0.9883031009635012,0.8091576371897938,0.003787669793998661,0.03832641822154963,0.9686897844027814,0.7598741698706746,0.006032092902180428,0.008319218111066642,0.03737062661797581
leave_one_family_out,vqe_su2,2858,0.07534738658837296,0.8848822633567844,0.4461161651504549,0.02039049873498192,0.1282033321361413,0.6935925511566149,0.4212736179146256,0.034593020510759555,0.006577896269875514,0.04586173898645275
leave_one_family_out,qaoa,2706,0.08475399808755428,0.8825331280629722,0.3861788617886179,0.01678065805682212,0.048439945474556496,0.9412441763564446,0.13155949741315595,0.027857098812350406,0.007048151912340321,0.017732484082505547
leave_one_family_out,randomcircuit,1234,0.0636320617430666,0.8799894318728644,0.5567260940032415,0.0054089903171135574,0.05409155339370163,0.8823854909334091,0.29740680713128037,0.008033574110778176,0.005684968568836598,0.014070492152825334
leave_one_family_out,qnn,760,0.21027436721661505,-0.38631629702549536,0.6907894736842105,0.00823110891015906,0.3440765888168754,-2.564812181784765,0.17105263157894737,0.09463790595825565,0.0021418454615693343,0.061163485623700053
leave_one_family_out,qft,760,0.011618933034450803,0.9950838855144273,0.7289473684210527,0.0063954593977550555,0.07815199126566642,0.8458463498148833,0.7539473684210526,0.007709049626704778,0.010529413324035371,0.01227587240170986
leave_one_family_out,ae,758,0.03376973734785315,0.9707064923573355,0.5131926121372031,0.005344712713088368,0.027884099399989322,0.9812693701950309,0.38522427440633245,0.009005520475428077,0.011410873649653739,0.01237028426373731
leave_one_family_out,qftentangled,746,0.0119631562900972,0.9941151567782095,0.8002680965147453,0.005448595952031007,0.06555676274985565,0.8881260616528307,0.792225201072386,0.005308488484313354,0.006436742289781665,0.012528775427549531
leave_one_family_out,iqpe,570,0.2951388992365771,-1.882375971214321,0.21052631578947367,0.06818745141489464,0.3205052200172434,-2.3907300798431685,0.30526315789473685,0.13015328253570355,1.3024869718049702e-05,0.07708130280176799
size_extrapolation,qmax_14,4586,0.021966036750964157,0.9257332775209828,0.5224596598342782,0.0052241168906057645,0.02964440260386495,0.8928952307714865,0.5937636284343655,0.006439367033825048,0.0065572193657940665,0.031347561235375666
