experiment,split,v1,v2,pooled_stab_a00,pooled_stab_a05,xattn_a00,xattn_a05,xattn_a05_logsel
random_control,random_seed5,0.0030319313539394037,0.002779384663306678,0.0025710277231150765,0.00262421841554494,0.002651939644301354,0.002466081415401271,0.004114812634067925
leave_one_family_out,ae,0.005344712713088368,0.009005520475428077,0.00981485517918937,0.00876077220237841,0.008489270526258965,0.007232124931369938,
leave_one_family_out,iqpe,0.06818745141489464,0.13015328253570355,0.11906957537458654,0.13902241645152108,0.03594849559298733,0.0013905733300928484,
leave_one_family_out,qaoa,0.01678065805682212,0.027857098812350406,0.02254889618180576,0.024869638814906416,0.01616894503789521,0.0185287784417949,
leave_one_family_out,qft,0.0063954593977550555,0.007709049626704778,0.0033792276495286143,0.0038604843741002395,0.010328223291482414,0.010108109903165175,
leave_one_family_out,qftentangled,0.005448595952031007,0.005308488484313354,0.007964248227720683,0.008220600221456782,0.01032922779530592,0.007348372938021259,
leave_one_family_out,qnn,0.00823110891015906,0.09463790595825565,0.010539082555394423,0.013557096845225283,0.0021418454615693343,0.0021418454615693343,
leave_one_family_out,randomcircuit,0.0054089903171135574,0.008033574110778176,0.010164045378442574,0.006796178574996676,0.010593936837084728,0.009699292740048084,
leave_one_family_out,vqe_real_amp,0.003787669793998661,0.006032092902180428,0.002497629110278104,0.0038366047318759,0.0030595076446397955,0.005512593904268026,
leave_one_family_out,vqe_su2,0.02039049873498192,0.034593020510759555,0.03794070823009325,0.03244921051541214,0.007127538335826758,0.010251227355852106,
leave_one_family_out,vqe_two_local,0.004075483469184463,0.008107777465179808,0.01799180883364059,0.012540769450661663,0.006391524267020157,0.007924808298829475,0.007960400076670092
size_extrapolation,qmax_14,0.0052241168906057645,0.006439367033825048,0.006411844946207075,0.0068826427126550405,0.0059739493888028156,0.005595404814015925,
