fidelity_weight,n_circuits,oracle_mean_fidelity,gt_weighted_mean_fidelity,gnn_mean_fidelity,round_robin_mean_fidelity,gnn_vs_gt_weighted_pct,gnn_vs_round_robin_pct,agreement_vs_gt_weighted,regret_vs_gt_weighted,agreement_vs_oracle,regret_vs_oracle,load_balance_cv
0.0,1234,0.20450549371288493,0.19051604677017828,0.19051604677017828,0.19051604677017828,0.0,0.0,1.0,0.0,0.3192868719611021,0.013989446942706645,0.0014036068132648924
0.1,1234,0.20450549371288493,0.20016504331191248,0.19129080010470018,0.19051604677017828,-4.433463036492232,0.40666040874577525,0.2625607779578606,0.008874243207212317,0.3395461912479741,0.013214693608184764,0.0014036068132648924
0.2,1234,0.20450549371288493,0.2007920742719611,0.1914095892701783,0.19051604677017828,-4.672736728181209,0.4690116738974232,0.28444084278768234,0.00938248500178282,0.3427876823338736,0.013095904442706644,0.0014036068132648924
0.3,1234,0.20450549371288493,0.20100271071061587,0.19087057605307942,0.19051604677017828,-5.040795032920585,0.18608893524271583,0.2820097244732577,0.010132134657536467,0.3354943273905997,0.01363491765980551,0.0014036068132648924
0.4,1234,0.20450549371288493,0.20121380846774717,0.1911488143697731,0.19051604677017828,-5.002138856482804,0.33213349233418615,0.29578606158833065,0.010064994097974067,0.34359805510534847,0.01335667934311183,0.0014036068132648924
0.5,1234,0.20450549371288493,0.20141691823071312,0.19086535580664507,0.19051604677017828,-5.238667395348464,0.1833488792091983,0.293354943273906,0.010551562424068071,0.34764991896272285,0.01364013790623987,0.0014036068132648924
0.6,1234,0.20450549371288493,0.2017306701684765,0.19087898440461912,0.19051604677017828,-5.379293963974118,0.19050239630400095,0.2860615883306321,0.010851685763857375,0.3500810372771475,0.013626509308265802,0.0014036068132648924
0.7,1234,0.20450549371288493,0.20212255350089142,0.1910853764346029,0.19051604677017828,-5.4606360720847675,0.2988355438171687,0.2941653160453809,0.011037177066288493,0.3549432739059968,0.013420117278282009,0.0014036068132648924
0.8,1234,0.20450549371288493,0.20280445546855755,0.19155752760388978,0.19051604677017828,-5.545700580730819,0.5466630508913775,0.31118314424635335,0.011246927864667746,0.35980551053484605,0.012947966108995138,0.0014036068132648924
0.9,1234,0.20450549371288493,0.20370991905113453,0.1924953531684765,0.19051604677017828,-5.505164370441382,1.0389184700467118,0.3338735818476499,0.011214565882658022,0.3646677471636953,0.012010140544408427,0.002807213626529785
1.0,1234,0.20450549371288493,0.20450549371288493,0.1964719196667747,0.19051604677017828,-3.928292536428843,3.1261791316618464,0.29740680713128037,0.008033574046110211,0.29740680713128037,0.008033574046110211,0.6556917341591916
