family,fidelity_weight,n_circuits,oracle_mean_fidelity,gt_weighted_mean_fidelity,gnn_mean_fidelity,round_robin_mean_fidelity,gnn_vs_gt_weighted_pct,gnn_vs_round_robin_pct,agreement_vs_gt_weighted,regret_vs_gt_weighted,agreement_vs_oracle,regret_vs_oracle,load_balance_cv
ae,0.0,758,0.20667678994788918,0.19422797936477573,0.19422797936477573,0.19422797936477573,0.0,0.0,1.0,0.0,0.3390501319261214,0.012448810583113454,0.0022850274506185718
ae,0.1,758,0.20667678994788918,0.201530346723219,0.1932113379934037,0.19422797936477573,-4.127918631153155,-0.5234268382428543,0.26517150395778366,0.008319008729815303,0.31398416886543534,0.013465451954485487,0.0045700549012371436
ae,0.2,758,0.20667678994788918,0.20248376663218998,0.19454445759168865,0.19422797936477573,-3.920960762707964,0.1629416255824515,0.2717678100263852,0.00793930904050132,0.32717678100263853,0.012132332356200528,0.01209122874658533
ae,0.3,758,0.20667678994788918,0.20286536264274407,0.1947759434560686,0.19422797936477573,-3.9875802755551395,0.28212417854780514,0.2678100263852243,0.008089419186675462,0.32981530343007914,0.011900846491820579,0.02250491043434298
ae,0.4,758,0.20667678994788918,0.20325906130646437,0.19455009873100265,0.19422797936477573,-4.28466141656079,0.1658460162538959,0.27440633245382584,0.008708962575461741,0.32058047493403696,0.012126691216886544,0.03591202530030659
ae,0.5,758,0.20667678994788918,0.20359168254208443,0.19433765083522428,0.19422797936477573,-4.545387901564815,0.05646533048803182,0.24802110817941952,0.009254031706860158,0.31926121372031663,0.012339139112664908,0.053880152656100626
ae,0.6,758,0.20667678994788918,0.20406555954670186,0.19548029623153035,0.19422797936477573,-4.207110368962927,0.6447664599355504,0.31266490765171506,0.008585263315171504,0.3311345646437995,0.011196493716358839,0.0823878363904802
ae,0.7,758,0.20667678994788918,0.2046584079898417,0.19520496232295514,0.19422797936477573,-4.619133784797044,0.5030083520276755,0.287598944591029,0.009453445666886544,0.3179419525065963,0.011471827624934037,0.133883890349534
ae,0.8,758,0.20667678994788918,0.20528142183100265,0.19700313881675463,0.19422797936477573,-4.032650855791076,1.4288154884044413,0.32189973614775724,0.00827828301424802,0.3496042216358839,0.009673651131134563,0.21930312126299217
ae,0.9,758,0.20667678994788918,0.20573224631451187,0.19723949402229551,0.19422797936477573,-4.128060838471143,1.5505050649082415,0.3113456464379947,0.008492752292216358,0.3390501319261214,0.009437295925593666,0.3508019509038471
ae,1.0,758,0.20667678994788918,0.20667678994788918,0.19767126958390502,0.19422797936477573,-4.357296417393935,1.7728085471468096,0.38522427440633245,0.009005520363984167,0.38522427440633245,0.009005520363984167,0.6215652691816039
iqpe,0.0,570,0.6817074366470175,0.6045858364847368,0.6045858364847368,0.6045858364847368,0.0,0.0,1.0,0.0,0.3333333333333333,0.0771216001622807,0.0
iqpe,0.1,570,0.6817074366470175,0.6075463754389474,0.6044251129354385,0.6045858364847368,-0.5137488477737641,-0.026584074518318686,0.3719298245614035,0.003121262503508771,0.33157894736842103,0.07728232371157895,0.005263157894736842
iqpe,0.2,570,0.6817074366470175,0.6107992756680701,0.6040369143352632,0.6045858364847368,-1.107133161775694,-0.09079308782112377,0.3280701754385965,0.0067623613328070195,0.3280701754385965,0.07767052231175439,0.010526315789473684
iqpe,0.3,570,0.6817074366470175,0.6147223660740351,0.603331086882807,0.6045858364847368,-1.8530770669658925,-0.207538702730016,0.2964912280701754,0.01139127919122807,0.3298245614035088,0.07837634976421053,0.018976585660336786
iqpe,0.4,570,0.6817074366470175,0.6196432330084211,0.6025466103057895,0.6045858364847368,-2.7591074656986083,-0.33729307831690225,0.3350877192982456,0.01709662270263158,0.3280701754385965,0.07916082634122808,0.03451283433843158
iqpe,0.5,570,0.6817074366470175,0.625718257671228,0.6015744949745614,0.6045858364847368,-3.8585677180851126,-0.4980833702099936,0.3017543859649123,0.024143762696666664,0.32280701754385965,0.08013294167245615,0.048237638894271996
iqpe,0.6,570,0.6817074366470175,0.6337987517359649,0.6004833658438596,0.6045858364847368,-5.2564612664280155,-0.6785588403344575,0.2771929824561403,0.03331538589210526,0.3280701754385965,0.0812240708031579,0.07368421052631578
iqpe,0.7,570,0.6817074366470175,0.6449168867759649,0.5989876552901754,0.6045858364847368,-7.121728772741022,-0.9259530833721056,0.24385964912280703,0.04592923148578947,0.34035087719298246,0.0827197813568421,0.1154300642076911
iqpe,0.8,570,0.6817074366470175,0.6602667311480702,0.5966333643354386,0.6045858364847368,-9.637524323236173,-1.3153586586706367,0.21403508771929824,0.06363336681263158,0.35789473684210527,0.08507407231157896,0.19402430095965012
iqpe,0.9,570,0.6817074366470175,0.6754352455047369,0.5988897601694737,0.6045858364847368,-11.332764442587317,-0.9421451796459583,0.2719298245614035,0.07654548533526316,0.4,0.08281767647754386,0.24020997278408476
iqpe,1.0,570,0.6817074366470175,0.6817074366470175,0.5515541536114035,0.6045858364847368,-19.092249261028133,-8.771572152876955,0.30526315789473685,0.13015328303561405,0.30526315789473685,0.13015328303561405,0.8407719708251505
qaoa,0.0,2706,0.254482306248337,0.23656505216755358,0.23656505216755358,0.23656505216755358,0.0,0.0,1.0,0.0,0.33222468588322246,0.017917254080783443,0.0
qaoa,0.1,2706,0.254482306248337,0.24330559359397635,0.2363414462875462,0.23656505216755358,-2.862304644771873,-0.09452194141043845,0.29194382852919437,0.006964147306430155,0.33592017738359203,0.018140859960790835,0.0
qaoa,0.2,2706,0.254482306248337,0.24456272971407983,0.23596162804105691,0.23656505216755358,-3.5169306799439672,-0.25507746007608684,0.27974870657797485,0.008601101673022912,0.33222468588322246,0.01852067820728012,0.0
qaoa,0.3,2706,0.254482306248337,0.24564848907405765,0.23524122869316333,0.23656505216755358,-4.236647422552132,-0.5596023006190354,0.2697708795269771,0.010407260380894309,0.3340724316334072,0.019241077555173687,0.0
qaoa,0.4,2706,0.254482306248337,0.24665785693736142,0.23537204806212123,0.23656505216755358,-4.575491336611352,-0.5043027676748201,0.2660753880266075,0.011285808875240206,0.35033259423503327,0.019110258186215815,0.0115214022676422
qaoa,0.5,2706,0.254482306248337,0.2476840451137842,0.23571120104600887,0.23656505216755358,-4.833918172757187,-0.3609371349323164,0.2660753880266075,0.011972844067775315,0.36733185513673317,0.018771105202328157,0.03168870494003648
qaoa,0.6,2706,0.254482306248337,0.24885999910716924,0.23520420317694013,0.23656505216755358,-5.487340665121667,-0.5752536049363675,0.2645971914264597,0.013655795930229121,0.37767923133776793,0.019278103071396897,0.06337740988007295
qaoa,0.7,2706,0.254482306248337,0.250278647027864,0.23391958971711013,0.23656505216755358,-6.536337600119994,-1.1182811772931396,0.24575018477457503,0.01635905731075388,0.3684405025868441,0.0205627165312269,0.11425525051435054
qaoa,0.8,2706,0.254482306248337,0.25168212747346635,0.23244395047586844,0.23656505216755358,-7.643839151679972,-1.7420585390466974,0.26348854397634885,0.01923817699759793,0.3662232076866223,0.022038355772468588,0.19299065290116196
qaoa,0.9,2706,0.254482306248337,0.25315935245439763,0.23008380516282337,0.23656505216755358,-9.115028565152826,-2.7397313953794384,0.26348854397634885,0.02307554729157428,0.3677014042867701,0.024398501085513672,0.24914492833226745
qaoa,1.0,2706,0.254482306248337,0.254482306248337,0.22662520710628234,0.23656505216755358,-10.946576032233168,-4.201738578964351,0.13155949741315595,0.027857099142054694,0.13155949741315595,0.027857099142054694,1.0067178153194738
qft,0.0,760,0.20826659093763158,0.19574982342881578,0.19574982342881578,0.19574982342881578,0.0,0.0,1.0,0.0,0.32894736842105265,0.012516767508815788,0.0022790142204853646
qft,0.1,760,0.20826659093763158,0.20059393153565788,0.19633505838473683,0.19574982342881578,-2.123131601398413,0.2989708729591139,0.46578947368421053,0.004258873150921053,0.34210526315789475,0.011931532552894735,0.009116056881941458
qft,0.2,760,0.20826659093763158,0.2014632183676316,0.19554265272539473,0.19574982342881578,-2.9387824190483105,-0.10583442671476409,0.43157894736842106,0.005920565642236843,0.33157894736842103,0.01272393821223684,0.016434205258943152
qft,0.3,760,0.20826659093763158,0.2020652328344737,0.19549963587144736,0.19574982342881578,-3.249246231490347,-0.12780985085250648,0.38552631578947366,0.006565596963026317,0.3394736842105263,0.012766955066184209,0.02988899129368565
qft,0.4,760,0.20826659093763158,0.20270074711144737,0.1965151907786842,0.19574982342881578,-3.0515705644450652,0.3909926131538779,0.36578947368421055,0.006185556332763158,0.3473684210526316,0.011751400158947366,0.04709350044256126
qft,0.5,760,0.20826659093763158,0.20338940678776316,0.19635109807210527,0.19574982342881578,-3.4605089944543486,0.30716484580030434,0.35526315789473684,0.007038308715657895,0.3473684210526316,0.011915492865526314,0.07163503994113789
qft,0.6,760,0.20826659093763158,0.20445378566894737,0.19710173240986842,0.19574982342881578,-3.5959487054856654,0.6906310091994853,0.3960526315789474,0.007352053259078948,0.36447368421052634,0.011164858527763156,0.10235286040576001
qft,0.7,760,0.20826659093763158,0.20540050331447368,0.19757220998592104,0.19574982342881578,-3.81123376147103,0.9309773695749816,0.4328947368421053,0.007828293328552631,0.36973684210526314,0.010694380951710524,0.14585691011106333
qft,0.8,760,0.20826659093763158,0.20654538841947367,0.19861399452144737,0.19574982342881578,-3.840024683542393,1.4631794003498289,0.4631578947368421,0.007931393898026315,0.41578947368421054,0.00965259641618421,0.21535177046300605
qft,0.9,760,0.20826659093763158,0.20723084028552632,0.1990514503018421,0.19574982342881578,-3.946994555643609,1.6866563735251354,0.3973684210526316,0.00817938998368421,0.41578947368421054,0.009215140635789473,0.22779884332320605
qft,1.0,760,0.20826659093763158,0.20826659093763158,0.2005575412456579,0.19574982342881578,-3.7015296871509658,2.4560521857075557,0.7539473684210526,0.007709049691973684,0.7539473684210526,0.007709049691973684,1.15948754083031
qftentangled,0.0,746,0.1931556511591153,0.18078682060589812,0.18078682060589812,0.18078682060589812,0.0,0.0,1.0,0.0,0.34718498659517427,0.012368830553217159,0.0023217839243550634
qftentangled,0.1,746,0.1931556511591153,0.18664642198512066,0.1804359830605898,0.18078682060589812,-3.327381719123416,-0.19406146096961285,0.4128686327077748,0.0062104389245308325,0.33646112600536193,0.012719668098525469,0.004643567848710127
qftentangled,0.2,746,0.1931556511591153,0.18703332348485255,0.18040635814142092,0.18078682060589812,-3.543200334548048,-0.21044811961519294,0.40884718498659517,0.006626965343431637,0.3378016085790885,0.01274929301769437,0.015224955350670975
qftentangled,0.3,746,0.1931556511591153,0.18752611501206434,0.18165061334772117,0.18078682060589812,-3.133164500296491,0.4777963011507646,0.4168900804289544,0.005875501664343165,0.3378016085790885,0.011505037811394102,0.022866919717469143
qftentangled,0.4,746,0.1931556511591153,0.18789332847117962,0.18136344435107238,0.18078682060589812,-3.475314516613527,0.3189523125865745,0.35254691689008044,0.006529884120107239,0.339142091152815,0.011792206808042896,0.036489698629534044
qftentangled,0.5,746,0.1931556511591153,0.1884846872375335,0.18158706299450403,0.18078682060589812,-3.659514385026357,0.4426442070964748,0.39544235924932974,0.006897624243029491,0.34718498659517427,0.01156858816461126,0.05776531213516151
qftentangled,0.6,746,0.1931556511591153,0.18934816638793567,0.18211899155871314,0.18078682060589812,-3.817927032053444,0.7368739316009373,0.38605898123324395,0.00722917482922252,0.353887399463807,0.011036659600402145,0.08590600520113735
qftentangled,0.7,746,0.1931556511591153,0.19029044582184987,0.18252990327479893,0.18078682060589812,-4.078261792668441,0.9641646791834422,0.39812332439678283,0.00776054254705094,0.3632707774798928,0.010625747884316354,0.12364453144879577
qftentangled,0.8,746,0.1931556511591153,0.1912873767922252,0.18318523378739945,0.18078682060589812,-4.235586864483086,1.3266526694054168,0.4343163538873995,0.008102143004825738,0.3820375335120643,0.009970417371715818,0.17645557825098485
qftentangled,0.9,746,0.1931556511591153,0.19221601029557642,0.18449677470120643,0.18078682060589812,-4.015917083337587,2.052115349379217,0.4343163538873995,0.007719235594369974,0.4195710455764075,0.008658876457908847,0.2594171476656038
qftentangled,1.0,746,0.1931556511591153,0.1931556511591153,0.1878471628932976,0.18078682060589812,-2.748295601998589,3.905341254266806,0.792225201072386,0.005308488265817695,0.792225201072386,0.005308488265817695,1.1494049883731015
qnn,0.0,760,0.6544561427685527,0.5934565688156579,0.5934565688156579,0.5934565688156579,0.0,0.0,1.0,0.0,0.3355263157894737,0.06099957395289474,0.0022790142204853646
qnn,0.1,760,0.6544561427685527,0.5975003602285526,0.5934183371694737,0.5934565688156579,-0.6831833636916077,-0.006442197827637934,0.3907894736842105,0.004082023059078947,0.33289473684210524,0.06103780559907895,0.0022790142204853646
qnn,0.2,760,0.6544561427685527,0.6026620362785526,0.5933493508030263,0.5934565688156579,-1.5452583562476083,-0.01806669910917896,0.3592105263157895,0.009312685475526317,0.33157894736842103,0.06110679196552632,0.0022790142204853646
qnn,0.3,760,0.6544561427685527,0.6081475789802632,0.5936153115735526,0.5934565688156579,-2.3895955371684825,0.026748841656860294,0.3447368421052632,0.014532267406710526,0.33157894736842103,0.060840831195,0.0022790142204853646
qnn,0.4,760,0.6544561427685527,0.6143086774473684,0.5939348979013158,0.5934565688156579,-3.316537808111643,0.08060052087931399,0.3078947368421053,0.020373779546052632,0.3355263157894737,0.06052124486723685,0.006029704861784
qnn,0.5,760,0.6544561427685527,0.6200818591259211,0.5934083202689474,0.5934565688156579,-4.3016157406335305,-0.008130088913965725,0.35,0.026673538856973687,0.32763157894736844,0.06104782249960527,0.012689014159201257
qnn,0.6,760,0.6544561427685527,0.6266289820873684,0.5931085811880263,0.5934565688156579,-5.34932182480325,-0.05863742115552273,0.31973684210526315,0.03352040089934211,0.3236842105263158,0.061347561580526316,0.026282874151892337
qnn,0.7,760,0.6544561427685527,0.6339196260775,0.5929446460594737,0.5934565688156579,-6.463750029568708,-0.08626119973796845,0.29210526315789476,0.04097498001802632,0.3223684210526316,0.06151149670907895,0.04709350044256126
qnn,0.8,760,0.6544561427685527,0.6423918455935527,0.5928702084427632,0.5934565688156579,-7.708945480936616,-0.09880426027887829,0.28157894736842104,0.04952163715078948,0.3144736842105263,0.06158593432578948,0.06749115054332716
qnn,0.9,760,0.6544561427685527,0.6474609965603947,0.5930356701559211,0.5934565688156579,-8.405962165073348,-0.07092324558422151,0.30526315789473685,0.05442532640447369,0.31973684210526315,0.06142047261263158,0.0813132345025283
qnn,1.0,760,0.6544561427685527,0.6544561427685527,0.5598182382585526,0.5934565688156579,-14.460541864524698,-5.668204267118693,0.17105263157894737,0.09463790451000001,0.17105263157894737,0.09463790451000001,0.508036181558807
randomcircuit,0.0,1234,0.20450549371288493,0.19051604677017828,0.19051604677017828,0.19051604677017828,0.0,0.0,1.0,0.0,0.3192868719611021,0.013989446942706645,0.0014036068132648924
randomcircuit,0.1,1234,0.20450549371288493,0.20016504331191248,0.19129080010470018,0.19051604677017828,-4.433463036492232,0.40666040874577525,0.2625607779578606,0.008874243207212317,0.3395461912479741,0.013214693608184764,0.0014036068132648924
randomcircuit,0.2,1234,0.20450549371288493,0.2007920742719611,0.1914095892701783,0.19051604677017828,-4.672736728181209,0.4690116738974232,0.28444084278768234,0.00938248500178282,0.3427876823338736,0.013095904442706644,0.0014036068132648924
randomcircuit,0.3,1234,0.20450549371288493,0.20100271071061587,0.19087057605307942,0.19051604677017828,-5.040795032920585,0.18608893524271583,0.2820097244732577,0.010132134657536467,0.3354943273905997,0.01363491765980551,0.0014036068132648924
randomcircuit,0.4,1234,0.20450549371288493,0.20121380846774717,0.1911488143697731,0.19051604677017828,-5.002138856482804,0.33213349233418615,0.29578606158833065,0.010064994097974067,0.34359805510534847,0.01335667934311183,0.0014036068132648924
randomcircuit,0.5,1234,0.20450549371288493,0.20141691823071312,0.19086535580664507,0.19051604677017828,-5.238667395348464,0.1833488792091983,0.293354943273906,0.010551562424068071,0.34764991896272285,0.01364013790623987,0.0014036068132648924
randomcircuit,0.6,1234,0.20450549371288493,0.2017306701684765,0.19087898440461912,0.19051604677017828,-5.379293963974118,0.19050239630400095,0.2860615883306321,0.010851685763857375,0.3500810372771475,0.013626509308265802,0.0014036068132648924
randomcircuit,0.7,1234,0.20450549371288493,0.20212255350089142,0.1910853764346029,0.19051604677017828,-5.4606360720847675,0.2988355438171687,0.2941653160453809,0.011037177066288493,0.3549432739059968,0.013420117278282009,0.0014036068132648924
randomcircuit,0.8,1234,0.20450549371288493,0.20280445546855755,0.19155752760388978,0.19051604677017828,-5.545700580730819,0.5466630508913775,0.31118314424635335,0.011246927864667746,0.35980551053484605,0.012947966108995138,0.0014036068132648924
randomcircuit,0.9,1234,0.20450549371288493,0.20370991905113453,0.1924953531684765,0.19051604677017828,-5.505164370441382,1.0389184700467118,0.3338735818476499,0.011214565882658022,0.3646677471636953,0.012010140544408427,0.002807213626529785
randomcircuit,1.0,1234,0.20450549371288493,0.20450549371288493,0.1964719196667747,0.19051604677017828,-3.928292536428843,3.1261791316618464,0.29740680713128037,0.008033574046110211,0.29740680713128037,0.008033574046110211,0.6556917341591916
vqe_real_amp,0.0,2861,0.43827160069367355,0.4010252877406851,0.4010252877406851,0.4010252877406851,0.0,0.0,1.0,0.0,0.33449842712338346,0.03724631295298847,0.0006054004919849274
vqe_real_amp,0.1,2861,0.43827160069367355,0.41640820214439006,0.4102098650025166,0.4010252877406851,-1.4885242677626638,2.2902738412273265,0.4743096819293953,0.00619833714187347,0.41034603285564486,0.028061735691156938,0.007137566535009485
vqe_real_amp,0.2,2861,0.43827160069367355,0.4211731852823838,0.4142812057099616,0.4010252877406851,-1.6363766292009665,3.305506753441487,0.5096120237679134,0.00689197957242223,0.4603285564487941,0.02399039498371199,0.017430908968600747
vqe_real_amp,0.3,2861,0.43827160069367355,0.4237312104553303,0.4165265765429221,0.4010252877406851,-1.700283985375142,3.8654142958337823,0.5428171967843411,0.007204633912408249,0.494232785739252,0.021745024150751486,0.031602833484839436
vqe_real_amp,0.4,2861,0.43827160069367355,0.42561985853743445,0.41807573226812306,0.4010252877406851,-1.7725033543395778,4.2517130586695835,0.5554002097168822,0.00754412626931143,0.5127577770010486,0.020195868425550507,0.051469724248025074
vqe_real_amp,0.5,2861,0.43827160069367355,0.4273195399018525,0.4192510699356169,0.4010252877406851,-1.8881584418275827,4.544796239063396,0.5613421880461377,0.008068469966235583,0.5316322963998602,0.019020530758056625,0.07710007605461106
vqe_real_amp,0.6,2861,0.43827160069367355,0.4290182633206571,0.42045280158116044,0.4010252877406851,-1.9965261322907084,4.8444610438226965,0.5777700104858441,0.00856546173949668,0.5484096469765816,0.017818799112513106,0.1116844954126941
vqe_real_amp,0.7,2861,0.43827160069367355,0.4306393968074799,0.42162151323226144,0.4010252877406851,-2.094068411313977,5.135891955246097,0.5851101013631598,0.009017883575218455,0.5725270884306186,0.016650087461412093,0.16253509368989388
vqe_real_amp,0.8,2861,0.43827160069367355,0.432709225025201,0.4238193451053478,0.4010252877406851,-2.054469700602162,5.683945142981118,0.5903530234183851,0.008889879919853199,0.6067808458580916,0.01445225558832576,0.2457635209085484
vqe_real_amp,0.9,2861,0.43827160069367355,0.4355181261,0.42662995144446,0.4010252877406851,-2.0408277228624945,6.3848002823033045,0.6487242222998951,0.008888174655540022,0.6592100664103461,0.011641649249213563,0.39060062538631785
vqe_real_amp,1.0,2861,0.43827160069367355,0.43827160069367355,0.4322395079238378,0.4010252877406851,-1.3763366734893285,7.783603961488028,0.7598741698706746,0.006032092769835723,0.7598741698706746,0.006032092769835723,0.7379206208155065
vqe_su2,0.0,2858,0.42312667213254024,0.37740844944408675,0.37740844944408675,0.37740844944408675,0.0,0.0,1.0,0.0,0.3337998600419874,0.045718222688453464,0.0006060359718575497
vqe_su2,0.1,2858,0.42312667213254024,0.39499254726483557,0.3798044838583975,0.37740844944408675,-3.845151892512734,0.6348650693539168,0.384184744576627,0.015188063406438069,0.34219734079776065,0.043322188274142755,0.003374265486701524
vqe_su2,0.2,2858,0.42312667213254024,0.400996447593387,0.3828837879421623,0.37740844944408675,-4.516912745718639,1.4507726327114865,0.3967809657102869,0.018112659651224633,0.3694891532540238,0.04024288419037789,0.006989147780069342
vqe_su2,0.3,2858,0.42312667213254024,0.4044303595313156,0.38438198137914625,0.37740844944408675,-4.957189211859104,1.8477413384176602,0.4258222533240028,0.02004837815216935,0.3803358992302309,0.038744690753393984,0.011562429420474673
vqe_su2,0.4,2858,0.42312667213254024,0.4069574926676697,0.385127692039958,0.37740844944408675,-5.364147612718451,2.0453285047649326,0.4352694191742477,0.021829800627711688,0.38663400979706086,0.03799898009258222,0.01627294045379074
vqe_su2,0.5,2858,0.42312667213254024,0.40900349772704686,0.3850073468147306,0.37740844944408675,-5.866979389093239,2.0134412416671723,0.44156752974107766,0.023996150912316307,0.38663400979706086,0.038119325317809656,0.02025466149532023
vqe_su2,0.6,2858,0.42312667213254024,0.4115544515287964,0.38485442748219034,0.37740844944408675,-6.487604239833583,1.972922982797904,0.44156752974107766,0.026700024046606017,0.3901329601119664,0.038272244650349896,0.02533056374770926
vqe_su2,0.7,2858,0.42312667213254024,0.4137302387813156,0.3842413157420224,0.37740844944408675,-7.127572576313444,1.8104698789866287,0.4268719384184745,0.02948892303929321,0.3922323303009097,0.03888535639051784,0.03289943736295733
vqe_su2,0.8,2858,0.42312667213254024,0.41665503248754376,0.3837810381716235,0.37740844944408675,-7.889978940048695,1.6885124688976703,0.41497550734779565,0.032873994315920224,0.40552834149755074,0.039345633960916726,0.02886793048612079
vqe_su2,0.9,2858,0.42312667213254024,0.4201474976696291,0.38606822121119666,0.37740844944408675,-8.111264888510584,2.294535742341101,0.4331700489853044,0.03407927645843247,0.43142057382785165,0.0370584509213436,0.023619858406910665
vqe_su2,1.0,2858,0.42312667213254024,0.42312667213254024,0.38853365181119665,0.37740844944408675,-8.175570721409798,2.9477883665553977,0.4212736179146256,0.03459302032134359,0.4212736179146256,0.03459302032134359,0.5328496970690779
vqe_two_local,0.0,3449,0.445522063481154,0.41187310095302987,0.41187310095302987,0.41187310095302987,0.0,0.0,1.0,0.0,0.3395187010727747,0.0336489625281241,0.0005021892744473404
vqe_two_local,0.1,3449,0.445522063481154,0.4334869737804871,0.42308781411948393,0.41187310095302987,-2.3989555142363295,2.722856418762096,0.4969556393157437,0.010399159661003188,0.4233111046680197,0.022434249361670048,0.005096664491518395
vqe_two_local,0.2,3449,0.445522063481154,0.4360166245757321,0.42394499147642795,0.41187310095302987,-2.7686176211860047,2.930973276833332,0.4755001449695564,0.012071633099304145,0.44911568570600174,0.021577072004726007,0.011583058483872529
vqe_two_local,0.3,3449,0.445522063481154,0.4370991709246158,0.4247590428233401,0.41187310095302987,-2.823187258665369,3.1286194316874654,0.47608002319512904,0.012340128101275731,0.4665120324731806,0.02076302065781386,0.020899763747103624
vqe_two_local,0.4,3449,0.445522063481154,0.4379475639599014,0.4249053036271963,0.41187310095302987,-2.978041529624598,3.164130564489725,0.4656422151348217,0.01304226033270513,0.4752102058567701,0.020616759853957667,0.03151012604283706
vqe_two_local,0.5,3449,0.445522063481154,0.43868475290785736,0.4252041128584517,0.41187310095302987,-3.0729675376333736,3.236679422515171,0.46912148448825747,0.013480640049405624,0.48477819657871846,0.02031795062270223,0.04766038150079272
vqe_two_local,0.6,3449,0.445522063481154,0.43939596418202376,0.4255057431502465,0.41187310095302987,-3.161208150292235,3.3099132149373536,0.46767178892432587,0.013890221031777327,0.49608582197738477,0.02001632033090751,0.07432910220010337
vqe_two_local,0.7,3449,0.445522063481154,0.4402290028438678,0.4261517442962308,0.41187310095302987,-3.1977126578890194,3.466757918922529,0.47086111916497536,0.014077258547636995,0.5123224122934183,0.019370319184923164,0.11817144282104988
vqe_two_local,0.8,3449,0.445522063481154,0.44153170147312265,0.42743471200875616,0.41187310095302987,-3.1927468440733513,3.7782537921797763,0.48825746593215424,0.014096989464366482,0.5369672368802552,0.018087351472397796,0.20198562043036208
vqe_two_local,0.9,3449,0.445522063481154,0.4432427441024645,0.430244258676196,0.41187310095302987,-2.932588429076159,4.460392698784464,0.5291388808350247,0.012998485426268483,0.5856770078283561,0.015277804804957959,0.3574243743075199
vqe_two_local,1.0,3449,0.445522063481154,0.445522063481154,0.43741428607555816,0.41187310095302987,-1.8198374604041994,6.201226801028944,0.7732676138011018,0.008107777405595824,0.7732676138011018,0.008107777405595824,1.0566903658857933
